{"东北": {"1月1日": 0.614755339950157, "1月2日": 0.5068736850614806, "1月3日": 0.6767529043305718, "1月4日": 0.8785016784365114, "1月5日": 0.847140366193552, "1月6日": 0.2933073582459436, "1月7日": 0.9258630191008264, "1月8日": 0.6564357533975548, "1月9日": 0.8157115725107985, "1月10日": 0.6158301804848918, "1月11日": 0.7111724421556124, "1月12日": 0.5474561804744308, "1月13日": 0.8205219377546694, "1月14日": 0.628137032757091, "1月15日": 0.7673127004389171, "1月16日": 0.6599325076274518, "1月17日": 0.841606127571002, "1月18日": 0.777855883818955, "1月19日": 0.8565421391217716, "1月20日": 0.8924763801053492, "1月21日": 0.7460176851932375, "1月22日": 0.6084919883318477, "1月23日": 0.6940439022176064, "1月24日": 0.8478715377555437, "1月25日": 0.6005145953944137, "1月26日": 0.6339779677476868, "1月27日": 0.614755339950157, "1月28日": 0.5068736850614806, "1月29日": 0.6767529043305718, "1月30日": 0.6339779677476868, "2月1日": 0.9040226658741216, "2月2日": 0.79674669883321, "2月3日": 0.2933073582459436, "2月4日": 0.8259554597775718, "2月5日": 0.8157115725107985, "2月6日": 0.6158301804848918, "2月7日": 0.7111724421556124, "2月8日": 0.5474561804744308, "2月9日": 0.8205219377546694, "2月10日": 0.8607006100990686, "2月11日": 0.7673127004389171, "2月12日": 0.6599325076274518, "2月13日": 0.841606127571002, "2月14日": 0.777855883818955, "2月15日": 0.8565421391217716, "2月16日": 0.8924763801053492, "2月17日": 0.8710176851932375, "2月18日": 0.4874743031386101, "2月19日": 0.6940439022176064, "2月20日": 0.8478715377555437, "2月21日": 0.6005145953944137, "2月22日": 0.678637290330249, "2月23日": 0.5860665049626177, "2月24日": 0.5068736850614806, "2月25日": 0.6767529043305718, "2月26日": 0.8785016784365114, "2月27日": 0.8930635176625494, "2月28日": 0.8845160091325707, "2月29日": 0.3790481305635209, "3月1日": 0.8138348544863439}, "华东": {"1月1日": 0.930439160601568, "1月2日": 0.5416600593606646, "1月3日": 0.8157115725107985, "1月4日": 0.5735874548132748, "1月5日": 0.7561627027774133, "1月6日": 0.5359982207446322, "1月7日": 0.8205219377546694, "1月8日": 0.6958511567134563, "1月9日": 0.7160042097700816, "1月10日": 0.7793913928116916, "1月11日": 0.4212420730511097, "1月12日": 0.8194425031105704, "1月13日": 0.1991645804253825, "1月14日": 0.5163213256611178, "1月15日": 0.3585650393609882, "1月16日": 0.8180256965174323, "1月17日": 0.5455744844195262, "1月18日": 0.8840991090234614, "1月19日": 0.7562045956782515, "1月20日": 0.777855883818955, "1月21日": 0.8445890746082297, "1月22日": 0.9022591391329108, "1月23日": 0.8690265277898563, "1月24日": 0.4874743031386101, "1月25日": 0.628069283299819, "1月26日": 0.915014394209576, "1月27日": 0.8155901268566826, "1月28日": 0.7717704643682871, "1月29日": 0.930439160601568, "1月30日": 0.7857362756392156, "2月1日": 0.6296602173558572, "2月2日": 0.9213809678009394, "2月3日": 0.5295772667996285, "2月4日": 0.7288476308604422, "2月5日": 0.7508162969448776, "2月6日": 0.3228491570953344, "2月7日": 0.7135459533917606, "2月8日": 0.6994695279315162, "2月9日": 0.7111724421556124, "2月10日": 0.44430062349518, "2月11日": 0.8296221661690478, "2月12日": 0.6919435322833608, "2月13日": 0.7730707908273389, "2月14日": 0.7432786507186692, "2月15日": 0.5305257186765121, "2月16日": 0.7607925180544449, "2月17日": 0.5205952205830943, "2月18日": 0.3853463184884038, "2月19日": 0.2164952542040514, "2月20日": 0.8924409289995352, "2月21日": 0.5386924240778607, "2月22日": 0.829745831728325, "2月23日": 0.7538154164251776, "2月24日": 0.9444888248230427, "2月25日": 0.7110456925536023, "2月26日": 0.8924576182446112, "2月27日": 0.8670353703864752, "2月28日": 0.6124743031386101, "2月29日": 0.5885766996724319, "3月1日": 0.7943281857192566}, "华中": {"1月1日": 0.8670353703864752, "1月2日": 0.6124743031386101, "1月3日": 0.6525084183799567, "1月4日": 0.79889957508263, "1月5日": 0.5295772667996285, "1月6日": 0.8566327505930961, "1月7日": 0.5525413222940707, "1月8日": 0.4772161667252261, "1月9日": 0.433902870140781, "1月10日": 0.7943281857192566, "1月11日": 0.9077281600048988, "1月12日": 0.8251294025412521, "1月13日": 0.8169490870103538, "1月14日": 0.930439160601568, "1月15日": 0.7648383835771587, "1月16日": 0.7836729446425471, "1月17日": 0.6228543732180736, "1月18日": 0.6145949755581275, "1月19日": 0.7006144317996384, "1月20日": 0.6411763142615703, "1月21日": 0.9142077551958846, "1月22日": 0.5652968520444072, "1月23日": 0.7635148156776592, "1月24日": 0.476189048533333, "1月25日": 0.7561947543224958, "1月26日": 0.2781850466488542, "1月27日": 0.3605536346846418, "1月28日": 0.6093044415595831, "1月29日": 0.7940916679222371, "1月30日": 0.8924576182446112, "2月1日": 0.7217006185486349, "2月2日": 0.8958271808276331, "2月3日": 0.8153665902178436, "2月4日": 0.8586952948328637, "2月5日": 0.848112484618242, "2月6日": 0.75, "2月7日": 0.5860009171809634, "2月8日": 0.7132837035120014, "2月9日": 0.7974448438723013, "2月10日": 0.9010234955499388, "2月11日": 0.7620735961365634, "2月12日": 0.930439160601568, "2月13日": 0.7096782123653975, "2月14日": 0.7674694635594116, "2月15日": 0.8589706844224696, "2月16日": 0.6206051293002238, "2月17日": 0.527790714950023, "2月18日": 0.614755339950157, "2月19日": 0.7121531042078952, "2月20日": 0.6324156160232711, "2月21日": 0.7918252759045417, "2月22日": 0.5801676073577634, "2月23日": 0.5883301993630199, "2月24日": 0.8822013218934198, "2月25日": 0.6889014938870242, "2月26日": 0.6620031573275612, "2月27日": 0.7262224775398053, "2月28日": 0.637474277117667, "2月29日": 0.7628600486860896, "3月1日": 0.502232783056905}, "华北": {"1月1日": 0.7262224775398053, "1月2日": 0.637474277117667, "1月3日": 0.7628600486860896, "1月4日": 0.3176847979932531, "1月5日": 0.3630865940521102, "1月6日": 0.4069063005247035, "1月7日": 0.8180256965174323, "1月8日": 0.5986299888333475, "1月9日": 0.7981669416651912, "1月10日": 0.841606127571002, "1月11日": 0.777855883818955, "1月12日": 0.8565421391217716, "1月13日": 0.8924763801053492, "1月14日": 0.8710176851932375, "1月15日": 0.6582506878857226, "1月16日": 0.5284705896088685, "1月17日": 0.901603983991996, "1月18日": 0.9240541439451594, "1月19日": 0.702829437539313, "1月20日": 0.8169490870103538, "1月21日": 0.930439160601568, "1月22日": 0.6296602173558572, "1月23日": 0.8577023925173712, "1月24日": 0.624868286624299, "1月25日": 0.6542835991003636, "1月26日": 0.5860665049626177, "1月27日": 0.5068736850614806, "1月28日": 0.8157115725107985, "1月29日": 0.6158301804848918, "1月30日": 0.6620031573275612, "2月1日": 0.5359982207446322, "2月2日": 0.7966817349074011, "2月3日": 0.8351290763563955, "2月4日": 0.7673127004389171, "2月5日": 0.7793913928116916, "2月6日": 0.4212420730511097, "2月7日": 0.7607925180544449, "2月8日": 0.3982215498887737, "2月9日": 0.4461598911764139, "2月10日": 0.2174799203154545, "2月11日": 0.8615954473759995, "2月12日": 0.5455744844195262, "2月13日": 0.8840991090234614, "2月14日": 0.687498883428304, "2月15日": 0.8239723459712397, "2月16日": 0.8445890746082297, "2月17日": 0.9022591391329108, "2月18日": 0.8670353703864752, "2月19日": 0.6781057273539576, "2月20日": 0.628069283299819, "2月21日": 0.7537635224432723, "2月22日": 0.9616112893612856, "2月23日": 0.7367134045208632, "2月24日": 0.7717704643682871, "2月25日": 0.930439160601568, "2月26日": 0.6791535903798932, "2月27日": 0.9213809678009394, "2月28日": 0.5295772667996285, "2月29日": 0.8566327505930961, "3月1日": 0.349946086721719}, "华南": {"1月1日": 0.527790714950023, "1月2日": 0.898115269822434, "1月3日": 0.3228491570953344, "1月4日": 0.7234984988327048, "1月5日": 0.6158301804848918, "1月6日": 0.7561627027774133, "1月7日": 0.5359982207446322, "1月8日": 0.7767516426555097, "1月9日": 0.8178304085281093, "1月10日": 0.7160042097700816, "1月11日": 0.7793913928116916, "1月12日": 0.5632290213843356, "1月13日": 0.7628600486860896, "1月14日": 0.1991645804253825, "1月15日": 0.4406263082132988, "1月16日": 0.3937264056794027, "1月17日": 0.8924409289995352, "1月18日": 0.5386924240778607, "1月19日": 0.7473093737962437, "1月20日": 0.841606127571002, "1月21日": 0.777855883818955, "1月22日": 0.8445890746082297, "1月23日": 0.8924576182446112, "1月24日": 0.9113992658735824, "1月25日": 0.75, "1月26日": 0.5952479027384163, "1月27日": 0.901603983991996, "1月28日": 0.9240541439451594, "1月29日": 0.7064066362104838, "1月30日": 0.6885208780809797, "2月1日": 0.930439160601568, "2月2日": 0.6296602173558572, "2月3日": 0.9213809678009394, "2月4日": 0.617052613212477, "2月5日": 0.678637290330249, "2月6日": 0.7513428712841336, "2月7日": 0.5586750125150052, "2月8日": 0.6699935867220711, "2月9日": 0.6158301804848918, "2月10日": 0.7111724421556124,