{"东北": {"1月1日": 0.6583511781209854, "1月2日": 0.711594868259697, "1月3日": 0.7305050042009187, "1月4日": 0.7261463371377783, "1月5日": 0.6738008899556762, "1月6日": 0.7038320563076084, "1月7日": 0.7692848137321037, "1月8日": 0.684354925037754, "1月9日": 0.7019235848119735, "1月10日": 0.7774049535476231, "1月11日": 0.7175951116600986, "1月12日": 0.7128897278629697}, "华东": {"1月1日": 0.6996299159864826, "1月2日": 0.7598990157975634, "1月3日": 0.7449790278802008, "1月4日": 0.7165703403336541, "1月5日": 0.6870305922893971, "1月6日": 0.5759560842982006, "1月7日": 0.794505610684749, "1月8日": 0.750508059166688, "1月9日": 0.6631719562365324, "1月10日": 0.677300836859159, "1月11日": 0.5875660732511249, "1月12日": 0.7785905980059838}, "华中": {"1月1日": 0.761405300093476, "1月2日": 0.6411116936200248, "1月3日": 0.5993646159485742, "1月4日": 0.7425098978739466, "1月5日": 0.6850017049890321, "1月6日": 0.7554657550869753, "1月7日": 0.7110850645998107, "1月8日": 0.5565018784705811, "1月9日": 0.7656013567201585, "1月10日": 0.8226739782543037, "1月11日": 0.6209318032546348, "1月12日": 0.7020807842701392}, "华北": {"1月1日": 0.6778091924642504, "1月2日": 0.7794068010009373, "1月3日": 0.7010344642558494, "1月4日": 0.7337083600190201, "1月5日": 0.5525618185422762, "1月6日": 0.8060016819478553, "1月7日": 0.7822399130052036, "1月8日": 0.6549686533187957, "1月9日": 0.7009953570441283, "1月10日": 0.612426460740286, "1月11日": 0.8040913890100193, "1月12日": 0.7095383617137535}, "华南": {"1月1日": 0.6715741882939568, "1月2日": 0.5887244244459141, "1月3日": 0.7852342197069881, "1月4日": 0.793592952199594, "1月5日": 0.6503682158466324, "1月6日": 0.6081430144924986, "1月7日": 0.7393548376730568, "1月8日": 0.7914245280739682, "1月9日": 0.7128418245470858, "1月10日": 0.6818893149888491, "1月11日": 0.5620874751230794, "1月12日": 0.7840568958736481}, "西北": {"1月1日": 0.785254417919655, "1月2日": 0.6856398880343691, "1月3日": 0.700775231864618, "1月4日": 0.5843426042315489, "1月5日": 0.7960532381378703, "1月6日": 0.767504963865143, "1月7日": 0.6775121938348664, "1月8日": 0.7448734429809182, "1月9日": 0.5391770674534921, "1月10日": 0.8278917545934823, "1月11日": 0.8041184143421352, "1月12日": 0.6825407632264898}, "西南": {"1月1日": 0.6952540607981572, "1月2日": 0.5866304357966182, "1月3日": 0.8259706697454017, "1月4日": 0.7860725077129438, "1月5日": 0.6484207747630778, "1月6日": 0.7144219863625882, "1月7日": 0.5810783329598764, "1月8日": 0.8368351523256737, "1月9日": 0.778423037817281, "1月10日": 0.6493343772155782, "1月11日": 0.7027417476328014, "1月12日": 0.5742474745731632}}